                  epoch,         train/box_loss,         train/cls_loss,         train/dfl_loss,   metrics/precision(B),      metrics/recall(B),       metrics/mAP50(B),    metrics/mAP50-95(B),           val/box_loss,           val/cls_loss,           val/dfl_loss,                 lr/pg0,                 lr/pg1,                 lr/pg2
                      1,                 1.2986,                 2.6362,                  1.622,                 0.1208,                0.10719,                0.10339,                 0.0449,                  1.785,                 3.2432,                 1.9233,             0.00055186,             0.00055186,             0.00055186
                      2,                 1.3364,                 2.3434,                 1.6251,                0.24067,                0.30017,                0.20307,                0.09882,                 1.7766,                 2.9289,                 2.0032,             0.00074204,             0.00074204,             0.00074204
                      3,                 1.2577,                 2.1288,                 1.5725,                0.34417,                0.41691,                0.31749,                0.17891,                 1.4814,                 2.4132,                 1.6375,             0.00056549,             0.00056549,             0.00056549
